Lemma,Lemma_Dediac,WN_POS,CAMeL_POS,Root,Pattern,Gloss,Num_Analyses
تكْرِير,تكرير,n,noun,ك.ر.ر,m,repetition;reiteration,12
عمل بُطُولِي,عمل بطولي,n,foreign,FOREIGN,na,عمل بطولي,1
اِشْتِراكِيّة التّدرُّج,اشتراكية التدرج,n,foreign,FOREIGN,na,اشتراكية التدرج,1
زور,زور,v,noun,ز.#.ر,m,cross-eyed,37
على نحْوٍ مُفْرداتِي,على نحو مفرداتي,r,foreign,FOREIGN,na,على نحو مفرداتي,1
مُسْتقِيم,مستقيم,a,noun,ق.#.م,m,straight;correct;righteous,6
مُتعامِد,متعامد,a,adj,ع.م.د,m,orthogonal,6
تشفُّع بِـ,تشفع بـ,n,foreign,FOREIGN,na,تشفع بـ,1
لِيبراليّ,ليبرالي,a,adj,NTWS,m,liberal,6
جرِيمة,جريمة,n,noun,ج.ر.م,f,crime+[fem.sg.],7
مِياه شُرْب,مياه شرب,n,foreign,FOREIGN,na,مياه شرب,1
عُضْو حِس,عضو حس,n,foreign,FOREIGN,na,عضو حس,1
فوّض,فوض,v,verb,ف.#.ض,m,delegate_authority;authorize;entrust+he;it_<verb>,1
تعيش,تعيش,v,verb,ع.#.ش,m,subsist;make_a_living+he;it_<verb>,7
حدِيث,حديث,a,noun_prop,ح.د.ث,m,Hadith_(Islamic_tradition),18
تنقل,تنقل,v,noun,ن.ق.ل,m,transportation;transfer;movement,13
بُورتوُرِيكُو,بورتوريكو,n,noun_prop,NTWS,m,Puerto_Rico,1
مُكوّر,مكور,a,noun,ك.#.ر,m,turban,24
جُمْهُورِيّة بنما,جمهورية بنما,n,foreign,FOREIGN,na,جمهورية بنما,1
وضع,وضع,v,verb,#.ض.ع,m,be_put;be_placed+he;it_<verb>,15
سلخ,سلخ,v,noun,س.ل.خ,m,skinning,7
طبقة حاكِمة,طبقة حاكمة,n,foreign,FOREIGN,na,طبقة حاكمة,1
تَعْرِيف,تعريف,n,noun,ع.ر.ف,m,identification;notification,6
تغبر,تغبر,v,verb,غ.ب.ر,m,be_dusty+he;it_<verb>,11
كبس,كبس,v,verb,ك.ب.س,m,press;squeeze+he;it_<verb>,8
زُلال,زلال,n,noun,ز.ل.ل,m,fresh_water;albumen,6
أشهر,أشهر,v,adj,ش.ه.ر,m,more;most_famous;more;most_well-known,15
كوّن,كون,v,noun,ك.#.ن,m,being,17
الفِكْرة,الفكرة,n,noun,ف.ك.ر,f,the+idea;notion;concept+[fem.sg.],4
النّحّات,النحات,n,noun,ن.ح.ت,m,the+stonemason,9
بيُولُوجِي,بيولوجي,a,adj,NTWS,m,biological,6
مُوسِيقى,موسيقى,n,adj,م.#.س.ق,m,musical,13
نجِيل,نجيل,n,noun,ن.ج.ل,m,couch_grass;quitch,7
مٌناضِل,مناضل,n,noun,ن.ض.ل,m,fighting;combatant;fighter,6
وَضَع حَدَّاً لـِ,وضع حدا لـ,v,foreign,FOREIGN,na,وضع حدا لـ,1
توقُّع,توقع,n,verb,#.ق.ع,m,expect;count_on;anticipate+he;it_<verb>,15
وَحْدَة مِدْفَعِيَّة,وحدة مدفعية,n,foreign,FOREIGN,na,وحدة مدفعية,1
جَاحِد,جاحد,n,noun,ج.ح.د,m,denier;infidel,6
مُهِم,مهم,a,adj,ه.م.م,m,important;serious,6
خَرِسَ,خرس,v,verb,خ.ر.س,m,be_silent;shut_up+he;it_<verb>,13
تهدل,تهدل,v,verb,ه.د.ل,m,hang_loosely;dangle+he;it_<verb>,3
قذف بقوة,قذف بقوة,v,foreign,FOREIGN,na,قذف بقوة,1
صَاروخ,صاروخ,n,noun,ص.ر.خ,m,missile;rocket,6
إِدْماج,إدماج,n,noun,د.م.ج,m,insertion;incorporation;inclusion;integration,6
قصْدا,قصدا,r,verb,ق.ص.د,m,intend;mean;pursue+they_(both)_<verb>,3
عمّد,عمد,v,verb,ع.م.د,m,baptize+he;it_<verb>,26
قناة,قناة,n,noun,ق.ن.#,f,canal;channel+[fem.sg.],10
اِخْتال,اختال,v,verb,خ.#.ل,m,be_conceited;swagger+he;it_<verb>,2
العاصِمة الأمْرِيكِيّة,العاصمة الأمريكية,n,foreign,FOREIGN,na,العاصمة الأمريكية,1
صرخ من الألم,صرخ من الألم,v,foreign,FOREIGN,na,صرخ من الألم,1
برّ,بر,n,noun,ب.ر.ر,m,charity;piety,25
حلّى,حلى,v,noun,ح.ل.ل,m,free+my,23
سافر كثيرا,سافر كثيرا,v,foreign,FOREIGN,na,سافر كثيرا,1
دلّ,دل,v,verb,د.ل.ل,m,point;indicate+he;it_<verb>,7
روى يحكي,روى يحكي,v,foreign,FOREIGN,na,روى يحكي,1
قلْب,قلب,n,verb,ق.ل.ب,m,turn_upside_down+he;it_<verb>,21
عاب,عاب,v,verb,ع.#.ب,m,be_a_disgrace;be_defective+he;it_<verb>,2
أعلن إيمانه,أعلن إيمانه,v,foreign,FOREIGN,na,أعلن إيمانه,1
تَقَزُّز,تقزز,n,verb,ق.ز.ز,m,be_disgusted+he;it_<verb>,13
تقوض,تقوض,v,verb,ق.#.ض,m,be_demolished;collapse+he;it_<verb>,5
أصدر العقوبة,أصدر العقوبة,v,foreign,FOREIGN,na,أصدر العقوبة,1
ثقف,ثقف,v,verb,ث.ق.ف,m,be_skillful;be_clever+he;it_<verb>,3
قاد سيارة بالتلاصق مع الاخرى,قاد سيارة بالتلاصق مع الاخرى,v,foreign,FOREIGN,na,قاد سيارة بالتلاصق مع الاخرى,1
أدار حول محور,أدار حول محور,v,foreign,FOREIGN,na,أدار حول محور,1
تقْلِيْل,تقليل,n,noun,ق.ل.ل,m,decrease;diminution;reduction,6
تَنَصُّل,تنصل,n,verb,ن.ص.ل,m,renounce;withdraw;evade+he;it_<verb>,5
تبلُّل,تبلل,n,noun,ب.ل.ل,m,moistness;humidity,17
اِعْترف بـِ,اعترف بـ,v,foreign,FOREIGN,na,اعترف بـ,1
سِنِغال,سنغال,n,noun_prop,NTWS,m,Senegal,2
نتج,نتج,v,verb,ن.ت.ج,m,bring_forth;result_in+he;it_<verb>,2
اِنْغمس,انغمس,v,verb,غ.م.س,m,be_immersed;be_plunged+he;it_<verb>,2
زَرْقَة,زرقة,n,verb,ز.ر.ق,m,bore_into;hurl+he;it_<verb>_it;him,21
بقاء,بقاء,n,noun,ب.ق.#,m,survival;remaining,4
أُنْشُوطة,أنشوطة,n,noun,ن.ش.ط,f,knot;noose+[fem.sg.],7
رصِيد,رصيد,n,noun,ر.ص.د,m,funds;stock;inventory,6
دُعاء,دعاء,n,noun,د.ع.#,m,call;request;invocation,4
مُهِمّة,مهمة,n,noun,ه.م.م,f,task;assignment;mission+[fem.sg.],25
تدْبِير,تدبير,n,noun,د.ب.ر,m,arrangement;preparation;management,6
انفعل,انفعل,v,verb,ف.ع.ل,m,be_affected;be_moved+he;it_<verb>,2
هَمَج,همج,n,verb,ه.م.ج,m,be_hungry+he;it_<verb>,19
غرر,غرر,v,verb,غ.ر.ر,m,deceive;endanger+he;it_<verb>,1
بوْغة,بوغة,n,verb,ب.#.غ,m,surprise+he;it_<verb>_it;him,1
سلّم بِاليدّ,سلم باليد,v,foreign,FOREIGN,na,سلم باليد,1
قفْزة,قفزة,n,verb,ق.ف.ز,m,jump;leap+he;it_<verb>_it;him,16
حدق,حدق,v,verb,ح.د.ق,m,encompass;look;stare+he;it_<verb>,2
مُسْتقْبل قرِيب,مستقبل قريب,n,foreign,FOREIGN,na,مستقبل قريب,1
تعْوِيْض,تعويض,n,noun,ع.#.ض,m,compensation;restitution,6
تصْنِيْع,تصنيع,n,noun,ص.ن.ع,m,fabrication;industrialization;processing,6
قوْس,قوس,n,noun_prop,ق.#.س,m,Sagittarius,14
أحد,أحد,n,verb,#.ح.د,m,unite;unify+he;it_<verb>,29
اتّخذ قراراً,اتخذ قرارا,v,foreign,FOREIGN,na,اتخذ قرارا,1
دينار,دينار,n,noun,د.ن.ر,m,dinar,6
جِلْد حيوان,جلد حيوان,n,foreign,FOREIGN,na,جلد حيوان,1
جنُوب,جنوب,n,noun,ج.ن.ب,m,south,6
كانَ مَدِينا,كان مدينا,v,foreign,FOREIGN,na,كان مدينا,1
حفظ توازن,حفظ توازن,v,foreign,FOREIGN,na,حفظ توازن,1
تغدى,تغدى,v,verb,غ.د.#,m,have_breakfast+he;it_<verb>,11
جِهاز حِماية,جهاز حماية,n,foreign,FOREIGN,na,جهاز حماية,1
أُكْسفُورْد,أكسفورد,n,noun_prop,NTWS,m,Oxford,1
بَيَّاع,بياع,n,noun,ب.#.ع,m,salesman;middleman,6
شكا,شكا,v,noun,ش.#.ك,m,check;cheque+[acc.indef.],4
رطم,رطم,v,verb,ر.ط.م,m,involve;implicate+he;it_<verb>,1
مادّة قِلْوِيّة,مادة قلوية,n,foreign,FOREIGN,na,مادة قلوية,1
تثنى,تثنى,v,verb,ث.ن.#,m,be_doubled;be_repeated+he;it_<verb>,16
عُشْب عِطْرِيّة,عشب عطرية,n,foreign,FOREIGN,na,عشب عطرية,1
فُرْصة اِسْتِماع,فرصة استماع,n,foreign,FOREIGN,na,فرصة استماع,1
منحه حق الدخول,منحه حق الدخول,v,foreign,FOREIGN,na,منحه حق الدخول,1
وَحْدَة نَقْدِيَّة أفْغانِيَّة,وحدة نقدية أفغانية,n,foreign,FOREIGN,na,وحدة نقدية أفغانية,1
أقام علاقات,أقام علاقات,v,foreign,FOREIGN,na,أقام علاقات,1
تعْلِيق,تعليق,n,noun,ع.ل.ق,m,suspension,12
ترقب,ترقب,v,verb,ر.ق.ب,m,anticipate;watch+he;it_<verb>,9
أبدى موافقته,أبدى موافقته,v,foreign,FOREIGN,na,أبدى موافقته,1
تسارع,تسارع,v,noun,س.ر.ع,m,velocity;acceleration,9
مُناظرة,مناظرة,n,noun,ن.ظ.ر,m,views;scenery+its;his,26
بطْن,بطن,n,verb,ب.ط.ن,f,hide;conceal+they_[fem.pl.]_<verb>,15
شُعْبة الرِّخْوِيّات,شعبة الرخويات,n,foreign,FOREIGN,na,شعبة الرخويات,1
عاد فجأءة,عاد فجأءة,v,foreign,FOREIGN,na,عاد فجأءة,1
سقط طائرة,سقط طائرة,v,foreign,FOREIGN,na,سقط طائرة,1
لمعان,لمعان,n,noun,ل.م.ع,m,shine;glitter,12
مُجاز,مجاز,a,noun,ج.#.ز,m,passage;figurative,14
رُومانْيا,رومانيا,n,adj,ر.#.م,m,Romanian+[acc.indef.],5
نقل بعربة,نقل بعربة,v,foreign,FOREIGN,na,نقل بعربة,1
كوم,كوم,v,verb,ك.#.م,m,stack_up;pile_up+he;it_<verb>,13
تحْرِيف,تحريف,n,noun,ح.ر.ف,m,distortion;corruption,6
دقِيقة,دقيقة,n,noun,د.ق.ق,m,flour+its;his,22
دوْلة دُومِينِيكا,دولة دومينيكا,n,foreign,FOREIGN,na,دولة دومينيكا,1
تذلّل,تذلل,v,verb,ذ.ل.ل,m,be_humble;be_obsequious+he;it_<verb>,11
حرك رأسه,حرك رأسه,v,foreign,FOREIGN,na,حرك رأسه,1
صِحافِي,صحافي,n,noun,ص.ح.ف,m,newspaper_seller+my,14
وَاجِب,واجب,a,adj,#.ج.ب,m,necessary;incumbent;obligatory,21
تواجد,تواجد,v,verb,#.ج.د,m,exist;be_present+he;it_<verb>,7
تقدم تدريجيا,تقدم تدريجيا,v,foreign,FOREIGN,na,تقدم تدريجيا,1
غوى,غوى,v,verb,غ.#.#,m,covet+he;it_<verb>,3
سداد,سداد,n,noun,س.د.د,m,plug;stopper,18
فِي الطّرٍيق,في الطريق,r,foreign,FOREIGN,na,في الطريق,1
شبق,شبق,n,verb,ش.ب.ق,m,be_lewd;be_lecherous+he;it_<verb>,19
أجاب,أجاب,v,verb,ج.#.ب,m,answer;reply;comply+he;it_<verb>,2
وَافِر,وافر,a,adj,#.ف.ر,m,ample;abundant;abounding_in,24
طابَقَ,طابق,v,noun,ط.ب.ق,m,floor;story,7
صِلة بِالموْضُوع,صلة بالموضوع,n,foreign,FOREIGN,na,صلة بالموضوع,1
اغتنم,اغتنم,v,verb,غ.ن.م,m,profit_from;seize_(opportunity)+he;it_<verb>,2
مُتّسع,متسع,n,noun,#.س.ع,m,space;room,12
غِلاف,غلاف,n,noun,غ.ل.ف,m,cover,6
أصبح لا مباليا,أصبح لا مباليا,v,foreign,FOREIGN,na,أصبح لا مباليا,1
ضرِيْبة,ضريبة,n,noun,ض.ر.ب,f,tax;levy+[fem.sg.],7
قمع,قمع,v,noun,ق.م.ع,m,repression,13
أعاد مالا,أعاد مالا,v,foreign,FOREIGN,na,أعاد مالا,1
قطّاعِيّ,قطاعي,n,noun,ق.ط.ع,m,cutters+my,29
يَوْم عُطْلَة,يوم عطلة,n,foreign,FOREIGN,na,يوم عطلة,1
تاق إلى,تاق إلى,v,foreign,FOREIGN,na,تاق إلى,1
زاده سرعة,زاده سرعة,v,foreign,FOREIGN,na,زاده سرعة,1
تأثِير,تأثير,n,noun,#.ث.ر,m,effect;influence;impact,6
بُسفورُ,بسفور,n,noun_prop,ب.س.ف.ر,m,Bosphorus;Bosporus,9
طاقة حرارِيّة,طاقة حرارية,n,foreign,FOREIGN,na,طاقة حرارية,1
لعق,لعق,v,verb,ل.ع.ق,m,lick+he;it_<verb>,7
رامُوز,راموز,n,noun,ر.م.ز,m,specimen;sample;facsimile,6
توقّف على,توقف على,v,foreign,FOREIGN,na,توقف على,1
صمد,صمد,v,noun,ص.م.د,m,everlasting_(God),13
أبغض,أبغض,v,verb,ب.غ.ض,m,detest;hate+he;it_<verb>,7
إِنْحِراف,إنحراف,n,noun,ح.ر.ف,m,deviation;corruption,6
إِعادة توْجِيه,إعادة توجيه,n,foreign,FOREIGN,na,إعادة توجيه,1
مِلْكِيّة,ملكية,n,noun,م.ل.ك,m,king+his;its_two,38
سمد,سمد,v,verb,س.م.د,m,fertilize+he;it_<verb>,2
ذيْل,ذيل,n,verb,ذ.#.ل,m,supplement;append+he;it_<verb>,13
مِقْدارِي,مقداري,a,noun,ق.د.ر,m,extent;amount;degree;level;dosage;value+my,7
طحن بأسنانه,طحن بأسنانه,v,foreign,FOREIGN,na,طحن بأسنانه,1
عَصَبِيَّة,عصبية,n,adj,ع.ص.ب,f,nervous+[fem.sg.],18
دفع نفقات,دفع نفقات,v,foreign,FOREIGN,na,دفع نفقات,1
مزاد,مزاد,n,noun,ز.#.د,m,auction,6
حِرْفة,حرفة,n,verb,ح.ر.ف,m,bend;diffract+he;it_<verb>_it;him,17
غيْر خِصْب,غير خصب,a,foreign,FOREIGN,na,غير خصب,1
اِنْهار,انهار,v,noun,ن.ه.ر,m,rivers,8
سَرِيَّة,سرية,n,adj,س.ر.ر,f,secret;private+[fem.sg.],58
تَأْجِيْل,تأجيل,n,noun,#.ج.ل,m,postponement;delay,6
مس مسا خفيفا,مس مسا خفيفا,v,foreign,FOREIGN,na,مس مسا خفيفا,1
برُوفِيسُور,بروفيسور,n,noun,NTWS,m,professor,12
الصِّين الوطنِيّة,الصين الوطنية,n,foreign,FOREIGN,na,الصين الوطنية,1
ضرب برفق,ضرب برفق,v,foreign,FOREIGN,na,ضرب برفق,1
أجْر,أجر,n,noun,#.ج.ر,m,fees;charges,25
تفاعُل كِيماوِيّ,تفاعل كيماوي,n,foreign,FOREIGN,na,تفاعل كيماوي,1
اِبْتعد,ابتعد,v,verb,ب.ع.د,m,move_away;eschew+he;it_<verb>,2
اِعْتذر,اعتذر,v,verb,ع.ذ.ر,m,apologize;excuse_oneself;allege_a_pretext+he;it_<verb>,2
تلاءم,تلاءم,v,verb,ل.#.م,m,be_in_agreement_with;be_in_harmony_with;be_consistent_with+he;it_<verb>,1
سَنَد تَعَهُّدِيّ,سند تعهدي,n,foreign,FOREIGN,na,سند تعهدي,1
مفْصِل,مفصل,n,noun,ف.ص.ل,m,joint;articulation,12
ميُونِيخ,ميونيخ,n,noun_prop,NTWS,m,Munich,1
خَرَّاَمَة,خرامة,n,noun,خ.ر.م,f,drill;auger+[fem.sg.],7
جسد الخصائص,جسد الخصائص,v,foreign,FOREIGN,na,جسد الخصائص,1
رأْس ذرِّيّ,رأس ذري,n,foreign,FOREIGN,na,رأس ذري,1
تعفن,تعفن,v,verb,ع.ف.ن,f,decay;be_infected;decompose+they_[fem.pl.]_<verb>,16
تأخِير,تأخير,n,noun,#.خ.ر,m,delay,6
إستقبل البث الأذاعي,إستقبل البث الأذاعي,v,foreign,FOREIGN,na,إستقبل البث الأذاعي,1
الإرهابيّ,الإرهابي,n,adj,ر.ه.ب,m,the+terrorist,8
تحرُّريّ,تحرري,a,noun,ح.ر.ر,m,liberation+my_two,13
اشّر,اشر,v,verb,#.ش.ر,m,cut_with_a_saw+he;it_<verb>,18
تردد على,تردد على,v,foreign,FOREIGN,na,تردد على,1
ذلل,ذلل,v,noun,ذ.ل.ل,m,docile;tractable,7
صارُوخ,صاروخ,n,noun,ص.ر.خ,m,missile;rocket,6
الإسْم والعُنْوان,الإسم والعنوان,n,foreign,FOREIGN,na,الإسم والعنوان,1
حقق النصر,حقق النصر,v,foreign,FOREIGN,na,حقق النصر,1
أَغَارَ عَلَى,أغار على,v,foreign,FOREIGN,na,أغار على,1
رسم حُدُود,رسم حدود,v,foreign,FOREIGN,na,رسم حدود,1
تنطبق الأسنان,تنطبق الأسنان,v,foreign,FOREIGN,na,تنطبق الأسنان,1
حيّ,حي,a,verb,ح.#.#,m,come!,15
غلط,غلط,n,verb,غ.ل.ط,m,err;be_mistaken+he;it_<verb>,7
طرق الحديد,طرق الحديد,v,foreign,FOREIGN,na,طرق الحديد,1
قصى,قصى,v,noun,ق.ص.ص,m,clipping;cutting+my,9
اِجْتنب,اجتنب,v,verb,ج.ن.ب,m,avoid+he;it_<verb>,2
نجد,نجد,v,noun_prop,ن.ج.د,m,Nejd,20
كمْيّة غيْر مُحدّدة,كمية غير محددة,n,foreign,FOREIGN,na,كمية غير محددة,1
سِرِيلانْكا,سريلانكا,n,noun_prop,NTWS,m,Sri_Lanka,1
العنصر التاسع والعشرون,العنصر التاسع والعشرون,n,foreign,FOREIGN,na,العنصر التاسع والعشرون,1
رِيْح,ريح,n,verb,ر.#.ح,m,make_rest;make_relax+he;it_<verb>,13
توقف عن التدخين,توقف عن التدخين,v,foreign,FOREIGN,na,توقف عن التدخين,1
مُمَثِّل,ممثل,n,noun,م.ث.ل,m,representative;delegate,18
بيْت الطلبة,بيت الطلبة,n,foreign,FOREIGN,na,بيت الطلبة,1
شبكة,شبكة,n,noun,ش.ب.ق,m,chibouk_(Turkish_tobacco_pipe)+its;his,13
اِكْتظّ,اكتظ,v,verb,ك.ظ.ظ,m,be_overcrowded;be_overstuffed+he;it_<verb>,2
ناسِف بالدِينامِيت,ناسف بالديناميت,n,foreign,FOREIGN,na,ناسف بالديناميت,1
اِتِّضاح,اتضاح,n,noun,#.ض.ح,m,clarity;manifestness,6
أغْلق بِعُنْف,أغلق بعنف,v,foreign,FOREIGN,na,أغلق بعنف,1
عضُد,عضد,n,noun,ع.ض.د,m,support;strength,26
اِضافة,اضافة,n,verb,ض.#.ف,m,add+he;it_<verb>_it;him,9
هُجُوم,هجوم,n,noun,ه.ج.م,m,attack;charge;assault,6
سهْو,سهو,n,noun,س.ه.#,m,inattention;negligence,6
حاسِم,حاسم,a,adj,ح.س.م,m,decisive;critical,6
أفُقِيّا,أفقيا,r,adj,#.ف.ق,m,horizontal;across+[acc.indef.],2
أصِيْل,أصيل,a,noun,#.ص.ل,m,authentic;indigenous;permanent,6
فتْرة حياة,فترة حياة,n,foreign,FOREIGN,na,فترة حياة,1
حُكْم ذاتِيّ,حكم ذاتي,n,foreign,FOREIGN,na,حكم ذاتي,1
نَسَق,نسق,n,noun,ن.س.ق,m,order;arrangement;symmetry,17
خِدْمَة عَسْكَرِيَّة إِلْزَامِيَّة,خدمة عسكرية إلزامية,n,foreign,FOREIGN,na,خدمة عسكرية إلزامية,1
مُؤسّسة,مؤسسة,n,adj,#.س.س,f,founding;constituent+[fem.sg.],18
مكان ما,مكان ما,r,foreign,FOREIGN,na,مكان ما,1
عمّ,عم,v,verb,ع.م.م,m,be_universal;be_prevalent+he;it_<verb>,7
مرْتبة,مرتبة,n,noun,ر.ت.ب,f,level;degree;rank;class+[fem.sg.],22
مُعاتبة,معاتبة,n,noun,ع.ت.ب,f,censure;reprimand+[fem.sg.],7
عاقب,عاقب,v,noun,ع.ق.ب,m,successively,7
ضرْب,ضرب,n,noun,ض.ر.ب,m,strike;attack;bombardment,14
ظاهِرة,ظاهرة,n,noun,ظ.ه.ر,f,phenomenon+[fem.sg.],19
إِبْحار,إبحار,n,noun,ب.ح.ر,m,seas,12
ثمن باهِظ,ثمن باهظ,n,foreign,FOREIGN,na,ثمن باهظ,1
مُلخّص,ملخص,a,adj,ل.خ.ص,m,abridged;condensed,12
زَفَرَ,زفر,v,adj,ز.ف.ر,m,greasy,14
عبث,عبث,v,noun,ع.ب.ث,m,play;jest;frivolity,7
مُعلِّم,معلم,n,noun,ع.ل.م,m,sign;mark,12
تعقب الأثر,تعقب الأثر,v,foreign,FOREIGN,na,تعقب الأثر,1
وَهَبَ,وهب,v,verb,#.ه.ب,m,donate;grant+he;it_<verb>,4
اوروغواي,اوروغواي,n,noun_prop,NTWS,m,Uruguay,6
مَجْمُوعَة عِرْقِيَّة,مجموعة عرقية,n,foreign,FOREIGN,na,مجموعة عرقية,1
فاحِشة,فاحشة,n,noun,ف.ح.ش,f,whore;prostitute+[fem.sg.],20
نَاحِيَة,ناحية,n,noun,ن.ح.#,f,side;perspective+[fem.sg.],11
مَنْصِب اِكْلِيرْكِي,منصب اكليركي,n,foreign,FOREIGN,na,منصب اكليركي,1
عِبَارَة  اصْطِلاحِيّة,عبارة  اصطلاحية,n,foreign,FOREIGN,na,عبارة  اصطلاحية,1
وِرَاثَة,وراثة,n,noun,#.ر.ث,m,heirs;inheritors+its;his,17
عين الحدود,عين الحدود,v,foreign,FOREIGN,na,عين الحدود,1
صفْقة,صفقة,n,verb,ص.ف.ق,m,slam;clap+he;it_<verb>_it;him,14
دكّ,دك,n,noun,د.ك.ك,m,level_ground;devastation,7
جمهورية السودان,جمهورية السودان,n,foreign,FOREIGN,na,جمهورية السودان,1
فَرِيْق,فريق,n,noun,ف.ر.ق,m,team;band,31
مقْصد,مقصد,n,noun,ق.ص.د,m,destination;goal,12
زَرِيْبَة,زريبة,n,noun,ز.ر.ب,f,cattle_pen;stockade+[fem.sg.],7
أمر,أمر,v,noun,#.م.ر,m,commander;commandant,33
الحرب العربية الإسرائيلية,الحرب العربية الإسرائيلية,n,foreign,FOREIGN,na,الحرب العربية الإسرائيلية,1
شرد,شرد,v,noun,ش.ر.د,m,fugitives;wandering,14
جادل,جادل,v,verb,ج.د.ل,m,quarrel;debate+he;it_<verb>,1
شوْق,شوق,n,verb,ش.#.ق,m,excite;make_desirable+he;it_<verb>,7
منح,منح,v,noun,م.ن.ح,m,grants;scholarships;gifts,14
عاصِمة السُوِيد,عاصمة السويد,n,foreign,FOREIGN,na,عاصمة السويد,1
كفالة,كفالة,n,noun,ك.ف.ل,f,bail;deposit;collateral+[fem.sg.],11
راسل,راسل,v,verb,ر.س.ل,m,correspond+he;it_<verb>,1
حفظ عن ظهر قلب,حفظ عن ظهر قلب,v,foreign,FOREIGN,na,حفظ عن ظهر قلب,1
بائِعٌ مُتجوِّل,بائع متجول,n,foreign,FOREIGN,na,بائع متجول,1
مرح,مرح,v,verb,م.ر.ح,m,be_cheerful;rejoice+he;it_<verb>,13
أهْلِية,أهلية,n,noun,#.ه.ل,m,qualified+his;its_two,26
أعد حضر,أعد حضر,v,foreign,FOREIGN,na,أعد حضر,1
قابِلِيّة المُتاجرة,قابلية المتاجرة,n,foreign,FOREIGN,na,قابلية المتاجرة,1
باراغواي,باراغواي,n,noun_prop,NTWS,m,Paraguay,1
مُميِّزة,مميزة,n,noun,م.#.ز,f,distinguishing_feature;characteristic;advantage+[fem.sg.],29
تنظم في نقابة,تنظم في نقابة,v,foreign,FOREIGN,na,تنظم في نقابة,1
عاصفة,عاصفة,v,noun,ع.ص.ف,f,tempest;hurricane+[fem.sg.],18
رأفة,رأفة,n,verb,ر.#.ف,m,show_mercy;have_pity+he;it_<verb>_it;him,15
عزف على المزمار,عزف على المزمار,v,foreign,FOREIGN,na,عزف على المزمار,1
فيضان,فيضان,n,noun,ف.#.ض,m,flood;deluge,6
اِبْتدّأ,ابتدأ,v,verb,ب.د.#,m,begin;start+they_(both)_<verb>,2
حافَّة,حافة,n,noun,ح.ف.ف,f,edge;shore+[fem.sg.],25
قتل بِالسّيْف,قتل بالسيف,v,foreign,FOREIGN,na,قتل بالسيف,1
تَعْلِيم,تعليم,n,noun,ع.ل.م,m,education;teaching,6
نزل في فندق,نزل في فندق,v,foreign,FOREIGN,na,نزل في فندق,1
قام,قام,v,verb,ق.#.م,m,undertake;carry_out+he;it_<verb>,1
مُجوْهرات,مجوهرات,n,adj,ج.#.ه.ر,f,decorated+[fem.pl.],14
أسْبِيرِين,أسبيرين,n,noun,NTWS,m,aspirin,6
احترف,احترف,v,verb,ح.ر.ف,m,do_professionally+he;it_<verb>,2
جَوَّالَة,جوالة,n,noun,ج.#.ل,f,wanderer;traveler+[fem.sg.],22
شكّل,شكل,v,noun,ش.ك.ل,m,manner;form;configuration,9
خَالَفَ,خالف,v,verb,خ.ل.ف,m,contradict;conflict_with;go_against+he;it_<verb>,1
سيْطرة عسْكرِيّة,سيطرة عسكرية,n,foreign,FOREIGN,na,سيطرة عسكرية,1
وجد حلا,وجد حلا,v,foreign,FOREIGN,na,وجد حلا,1
اضطجع,اضطجع,v,verb,ض.ج.ع,m,lie_down;sleep+he;it_<verb>,2
رضِيع,رضيع,n,adj,ر.ض.ع,m,breast-feeding_infant;foster_child,6
المملكة المغربية,المملكة المغربية,n,foreign,FOREIGN,na,المملكة المغربية,1
خَلْطَة جاهِزَة,خلطة جاهزة,n,foreign,FOREIGN,na,خلطة جاهزة,1
حقّ قانُونِي,حق قانوني,n,foreign,FOREIGN,na,حق قانوني,1
جِهاز مُساعِد لِلْعِلاج,جهاز مساعد للعلاج,n,foreign,FOREIGN,na,جهاز مساعد للعلاج,1
إستغرق في الأحلام,إستغرق في الأحلام,v,foreign,FOREIGN,na,إستغرق في الأحلام,1
غشّ,غش,v,verb,غ.ش.ش,m,deceive;adulterate;tamper+he;it_<verb>,19
إِشْفاق,إشفاق,n,noun,ش.ف.ق,m,pity;sympathy,12
فيِتنام,فيتنام,n,noun_prop,NTWS,m,Vietnam,2
وَسِيلَة نَقْل مُصَفَّحَة,وسيلة نقل مصفحة,n,foreign,FOREIGN,na,وسيلة نقل مصفحة,1
عناكِب,عناكب,n,noun,ع.ن.ك.ب,m,spiders,4
مسْؤُولِيّة,مسؤولية,n,adj,س.#.ل,m,responsible;dependable+his;its_two,15
لقم أو يحشو,لقم أو يحشو,v,foreign,FOREIGN,na,لقم أو يحشو,1
عملِيّة لُغوِيّة,عملية لغوية,n,foreign,FOREIGN,na,عملية لغوية,1
إنسحب من المعركة,إنسحب من المعركة,v,foreign,FOREIGN,na,إنسحب من المعركة,1
إشترك في سباق تجذيف,إشترك في سباق تجذيف,v,foreign,FOREIGN,na,إشترك في سباق تجذيف,1
مُشَاة,مشاة,n,verb,م.ش.ش,m,macerate;soak+they_(both)_<verb>_it;him,16
خَفَّضَ قِيمَة,خفض قيمة,v,foreign,FOREIGN,na,خفض قيمة,1
أمد,أمد,n,verb,م.د.د,m,provide;extend;furnish;reinforce+he;it_<verb>,10
إِيلاج,إيلاج,n,noun,#.ل.ج,m,insertion;intromission;intercalation,6
ثدْيِيّات,ثدييات,n,adj,ث.د.#,f,mammal+[fem.pl.],14
عِلاْج,علاج,n,noun,ع.ل.ج,m,medical_treatment;therapy;processing,6
رِداء,رداء,n,noun,ر.د.#,m,gown;robe,4
العُنْصُر الخمْسُون,العنصر الخمسون,n,foreign,FOREIGN,na,العنصر الخمسون,1
المَدْفُوع لَه,المدفوع له,n,foreign,FOREIGN,na,المدفوع له,1
أنْذر,أنذر,v,verb,ن.ذ.ر,m,warn;caution+he;it_<verb>,6
جرد من السلاح,جرد من السلاح,v,foreign,FOREIGN,na,جرد من السلاح,1
تبع,تبع,n,noun,ت.ب.ع,m,subordinate;follower,13
أورُبِّيّ,أوربي,a,adj,NTWS,m,European,12
مخْزن,مخزن,n,noun,خ.ز.ن,m,storehouse;depot;shop,6
عشِيرة,عشيرة,n,noun,ع.ش.ر,f,companion;associate+[fem.sg.],18
مُفَرْقِعَة نارِيَّة,مفرقعة نارية,n,foreign,FOREIGN,na,مفرقعة نارية,1
تيبس,تيبس,v,verb,#.ب.س,m,you_[masc.sg.]+make_dry;desiccate,4
ذنْب,ذنب,n,noun,ذ.ن.ب,m,fault;offense;misdeed,12
ضحى,ضحى,v,noun,ض.ح.#,m,forenoon,3
اِمْتعض,امتعض,v,verb,م.ع.ض,m,be_annoyed;resent+he;it_<verb>,2
تنمُّل,تنمل,n,verb,ن.م.ل,m,you_[masc.sg.]+tingle;be_numb,2
حُلِيّ,حلي,n,noun,ح.ل.ل,m,free+my,23
جِناية,جناية,n,noun,ج.ن.#,f,crime;felony+[fem.sg.],7
مُناوشة,مناوشة,n,noun,ن.#.ش,f,provocation;skirmish+[fem.sg.],7
آلَة البَيْع الآليّ,آلة البيع الآلي,n,foreign,FOREIGN,na,آلة البيع الآلي,1
رقم الهاتِف,رقم الهاتف,n,foreign,FOREIGN,na,رقم الهاتف,1
رجعه الي مكانه,رجعه الي مكانه,v,foreign,FOREIGN,na,رجعه الي مكانه,1
وِكَالَة,وكالة,n,noun,#.ك.ل,f,agency+[fem.sg.],94
شاطِئ البحْر,شاطئ البحر,n,foreign,FOREIGN,na,شاطئ البحر,1
وَضَعَ اليَد عَلَى,وضع اليد على,v,foreign,FOREIGN,na,وضع اليد على,1
قدر خدمات,قدر خدمات,v,foreign,FOREIGN,na,قدر خدمات,1
جيْب,جيب,n,noun,ج.#.ب,m,pocket;purse,18
تقدُّميّ,تقدمي,n,noun,ق.د.م,m,progress;coming_forward+my,12
جعله هشا,جعله هشا,v,foreign,FOREIGN,na,جعله هشا,1
تحْسِيْن,تحسين,n,verb,ح.س.#,f,drink;sip+they_[fem.pl.]_<verb>,25
دانْمارْك,دانمارك,n,noun_prop,NTWS,m,Denmark,1
جُزْء نبات,جزء نبات,n,foreign,FOREIGN,na,جزء نبات,1
حدث تدريجيا بالإحتكاك,حدث تدريجيا بالإحتكاك,v,foreign,FOREIGN,na,حدث تدريجيا بالإحتكاك,1
عُرْف الدِّيك,عرف الديك,n,foreign,FOREIGN,na,عرف الديك,1
مُشغِّل,مشغل,n,noun,ش.غ.ل,m,starter,18
نِيّة,نية,n,adj,ن.#.#,f,raw;uncooked+[fem.sg.],22
رِحْلة بحْرِيِّة,رحلة بحرية,n,foreign,FOREIGN,na,رحلة بحرية,1
قلّد,قلد,v,verb,ق.ل.د,m,imitate;entrust+he;it_<verb>,1
شغف,شغف,n,adj,ش.غ.ف,m,passionate;zealous;infatuated,14
راعٍ,راع,n,noun,ر.#.ع,m,beauty,10
دافِع,دافع,n,adj,د.ف.ع,m,pushing;propelling,20
رص,رص,v,verb,ر.ص.ص,m,compress;join_together;align+he;it_<verb>,1
اِسْتجْدى,استجدى,v,verb,ج.د.#,m,implore;beg+he;it_<verb>,3
رأْس طُورْبِيد,رأس طوربيد,n,foreign,FOREIGN,na,رأس طوربيد,1
إنتقد بقسوة,إنتقد بقسوة,v,foreign,FOREIGN,na,إنتقد بقسوة,1
مُخيّم,مخيم,n,noun,خ.#.م,m,camp;refugee_camp,6
إتقد الوجه,إتقد الوجه,v,foreign,FOREIGN,na,إتقد الوجه,1
أصْدر مرْسُوماً,أصدر مرسوما,v,foreign,FOREIGN,na,أصدر مرسوما,1
عزل من منصب,عزل من منصب,v,foreign,FOREIGN,na,عزل من منصب,1
تبدد,تبدد,v,verb,ب.د.د,m,be_squandered;be_dispersed+he;it_<verb>,7
أمارة,أمارة,n,noun_prop,#.م.ر,f,Emirate+[fem.sg.],26
ناظر,ناظر,v,noun,ن.ظ.ر,m,looking;observer;supervisor,13
كائِن حيّ,كائن حي,n,foreign,FOREIGN,na,كائن حي,1
الكلْب,الكلب,n,noun,ك.ل.ب,m,the+rabid;greedy,12
خِلال,خلال,n,prep,خلل,-,during;through,2
تجلّل,تجلل,v,verb,ج.ل.ل,m,be_superior+he;it_<verb>,7
HN,HN,n,foreign,FOREIGN,na,HN,1
يَوْم شَمْسِيّ,يوم شمسي,n,foreign,FOREIGN,na,يوم شمسي,1
ضم إلى,ضم إلى,v,foreign,FOREIGN,na,ضم إلى,1
مُؤَخِّرَة,مؤخرة,n,noun,#.خ.ر,f,rear;rear_positions+[fem.sg.],33
تماثُل,تماثل,n,verb,م.ث.ل,m,resemble_each_other;recover+he;it_<verb>,9
تدْرِيْب,تدريب,n,noun,د.ر.ب,m,training;coaching;practice,6
مُمْتلِك,ممتلك,n,adj,م.ل.ك,m,owned;in_possession,6
اِبْدال,ابدال,n,noun,ب.د.ل,m,substitutes,18
مُتحمِّس,متحمس,a,noun,ح.م.س,m,zealous;enthusiasts,6
سماع,سماع,n,noun,س.م.ع,m,hearing;listening,6
عُضْو,عضو,n,noun,ع.ض.#,m,organ,12
دمن الخمر,دمن الخمر,v,foreign,FOREIGN,na,دمن الخمر,1
عدم الإِيمان,عدم الإيمان,n,foreign,FOREIGN,na,عدم الإيمان,1
علاقة منْطِقِيّة,علاقة منطقية,n,foreign,FOREIGN,na,علاقة منطقية,1
نوه,نوه,v,verb,ن.#.ه,m,allude;mention;praise+he;it_<verb>,3
اِبْداع فنِّي,ابداع فني,n,foreign,FOREIGN,na,ابداع فني,1
حاز,حاز,v,verb,ح.#.ز,m,possess;attain+he;it_<verb>,2
بدل,بدل,v,verb,ب.د.ل,m,exchange;replace;substitute+he;it_<verb>,17
تأتأ,تأتأ,v,verb,ت.#.ت.#,m,stammer;stutter+they_(both)_<verb>,2
اِئتِمان,ائتمان,n,noun,#.م.ن,m,trust;credit,6
بسط,بسط,v,verb,ب.س.ط,m,spread;simplify+he;it_<verb>,15
تباعُد,تباعد,n,noun,ب.ع.د,m,estrangement,9
الخطِيئة,الخطيئة,n,noun,خ.ط.#,f,the+mistake;error;fault+[fem.sg.],4
اِنْتِحال شخْصِيّة,انتحال شخصية,n,foreign,FOREIGN,na,انتحال شخصية,1
زود,زود,v,verb,ز.#.د,m,supply;provide+he;it_<verb>,1
ج,ج,n,abbrev,NTWS,na,J;3rd;(pounds;lira);(answer);(republic);(gram),1
رَأْس,رأس,n,noun,ر.س.#,m,immovable;anchored;moored,16
توافُق,توافق,n,verb,#.ف.ق,m,agree;concur+he;it_<verb>,9
صِنْو,صنو,n,noun,ص.ن.#,m,twin,6
تقلْون,تقلون,v,verb,ق.ل.ل,m,you_[masc.pl.]+be_less;decrease;diminish+[masc.pl.],7
تمثل,تمثل,v,noun,م.ث.ل,m,assimilation,13
قدّم,قدم,v,noun,ق.د.م,m,valiant;audacious,15
اِسْتِلام,استلام,n,noun,س.ل.م,m,receipt;assumption,7
طلب إلى,طلب إلى,v,foreign,FOREIGN,na,طلب إلى,1
إعترف للكاهن,إعترف للكاهن,v,foreign,FOREIGN,na,إعترف للكاهن,1
اردن,اردن,n,verb,ر.#.د,f,want;desire;intend+they_[fem.pl.]_<verb>,8
وضع يده على,وضع يده على,v,foreign,FOREIGN,na,وضع يده على,1
طِبِّيّ,طبي,a,noun,ط.ب.ب,m,medicine;medical_treatment+my,7
نقْص,نقص,n,verb,ن.ق.ص,m,decrease;lack+he;it_<verb>,26
مُتجسِّد,متجسد,a,noun,ج.س.د,m,corporeal;incarnate,6
إصطدم في سيارة,إصطدم في سيارة,v,foreign,FOREIGN,na,إصطدم في سيارة,1
عدِيد,عديد,a,adj,ع.د.د,m,numerous;many,6
وِلادِي,ولادي,a,adj,#.ل.د,m,birth;childbearing,12
مُشْترك,مشترك,a,noun,ش.ر.ك,m,participant;subscriber,12
تكاسل,تكاسل,v,noun,ك.س.ل,m,laziness,7
خَابَ,خاب,v,verb,خ.#.ب,m,fail;be_frustrated;go_wrong+he;it_<verb>,1
أوحى إلى,أوحى إلى,v,foreign,FOREIGN,na,أوحى إلى,1
جرم متهما,جرم متهما,v,foreign,FOREIGN,na,جرم متهما,1
نَقْص,نقص,n,verb,ن.ق.ص,m,decrease;lack+he;it_<verb>,26
إِكْتِشاف,إكتشاف,n,noun,ك.ش.ف,m,discovery,6
مارس فن الرسم,مارس فن الرسم,v,foreign,FOREIGN,na,مارس فن الرسم,1
سامى,سامى,v,adj,س.م.م,m,poisonous;toxic+my_two,20
عسْكر,عسكر,n,noun,ع.س.ك.ر,m,army;troops,7
تصْوِيْرة,تصويرة,n,noun,ص.#.ر,m,depiction;characterization+its;his,15
زَكَّى,زكى,v,verb,ز.ك.#,m,augment;nominate;recommend+he;it_<verb>,8
فضح,فضح,v,verb,ف.ض.ح,m,stigmatize+he;it_<verb>,8
اِنْقاد,انقاد,n,verb,ق.#.د,m,yield;submit+he;it_<verb>,2
وَحْدَة حَجْم,وحدة حجم,n,foreign,FOREIGN,na,وحدة حجم,1
رُكْن أساسِيّ,ركن أساسي,n,foreign,FOREIGN,na,ركن أساسي,1
مُكعّب,مكعب,n,noun,ك.ع.ب,m,cube;cubiform,12
زَمَالَة,زمالة,n,noun,ز.م.ل,f,companionship;comradeship+[fem.sg.],7
ولع ب,ولع ب,v,foreign,FOREIGN,na,ولع ب,1
تحزر,تحزر,v,verb,ح.ز.ر,m,you_[masc.sg.]+guess;estimate;appraise,4
طاوِية,طاوية,n,noun,ط.#.#,m,starved;emaciated+his;its,9
رَفّ,رف,n,noun,ر.ف.ف,m,glittering;fluttering,14
اِسْتوْلى على,استولى على,v,foreign,FOREIGN,na,استولى على,1
تزامل,تزامل,v,verb,ز.م.ل,m,be_comrades;be_companions+he;it_<verb>,3
مبْلغ مفْرُوض,مبلغ مفروض,n,foreign,FOREIGN,na,مبلغ مفروض,1
مقدما,مقدما,v,noun,ق.د.م,m,lieutenant_colonel+[acc.indef.],9
تَسْعِير,تسعير,n,noun,س.ع.ر,m,price_fixing,6
طعام مُجمّد,طعام مجمد,n,foreign,FOREIGN,na,طعام مجمد,1
معْكرُونة,معكرونة,n,noun,NTWS,f,macaroni+[fem.sg.],8
مُطابقة,مطابقة,n,noun,ط.ب.ق,f,conformity;agreement+[fem.sg.],7
مَصْلَحَة,مصلحة,n,noun,ص.ل.ح,f,interest;advantage;agency+[fem.sg.],33
وجه الذهن,وجه الذهن,v,foreign,FOREIGN,na,وجه الذهن,1
فقّه,فقه,v,verb,ف.ق.ه,m,be_wise;be_versed_in_Islamic_jurisprudence+he;it_<verb>,9
وَسِيلَة نَقْل,وسيلة نقل,n,foreign,FOREIGN,na,وسيلة نقل,1
تغْذِية,تغذية,n,noun,غ.ذ.#,f,feeding;nutrition+[fem.sg.],14
توصل إلى تسوية عادلة,توصل إلى تسوية عادلة,v,foreign,FOREIGN,na,توصل إلى تسوية عادلة,1
إِيْطالِي,إيطالي,a,adj,NTWS,m,Italian,12
تسلم,تسلم,v,noun,س.ل.م,m,receipt;taking_over,17
أدى الشعائر الدينية,أدى الشعائر الدينية,v,foreign,FOREIGN,na,أدى الشعائر الدينية,1
انفع,انفع,v,verb,ن.ف.ع,m,I+utilize,2
عضلانِيّ,عضلاني,a,verb,ع.ض.ل,m,prevent+they_(both)_<verb>_me,1
حاسّة الذّوْق,حاسة الذوق,n,foreign,FOREIGN,na,حاسة الذوق,1
سحب,سحب,v,noun,س.ح.ب,m,withdrawal;pulling_out;remove,13
دِرْع واق,درع واق,n,foreign,FOREIGN,na,درع واق,1
تَقْرِير,تقرير,n,noun,ق.ر.ر,m,report;account,12
ضَرِيبَة إِضَافِيَّة,ضريبة إضافية,n,foreign,FOREIGN,na,ضريبة إضافية,1
انقرة,انقرة,n,noun_prop,NTWS,f,Ankara+[fem.sg.],10
عِناد,عناد,n,noun,ع.ن.د,m,resistance;stubbornness,6
صِحّة عقْلِيّة,صحة عقلية,n,foreign,FOREIGN,na,صحة عقلية,1
أندورا,أندورا,n,noun_prop,NTWS,m,Andorra,1
رُجُوع,رجوع,n,noun,ر.ج.ع,m,return;reverting,6
معْلُومة,معلومة,n,noun,ع.ل.م,f,piece_of_data;known_fact;item_of_information+[fem.sg.],22
خَلِيطَة أَسَاسُها النُّحَاس,خليطة أساسها النحاس,n,foreign,FOREIGN,na,خليطة أساسها النحاس,1
الفُوَّة,الفوة,n,noun,#.ل.ف,m,companion;confidant+his;its,10
إِسآءة,إسآءة,n,verb,س.#.#,m,do_badly;mismanage+he;it_<verb>_it;him,16
بِعْثة,بعثة,n,noun,ب.ع.ث,f,delegation;mission+[fem.sg.],30
عملِيّة اِقْتِصادِيّة,عملية اقتصادية,n,foreign,FOREIGN,na,عملية اقتصادية,1
تسوُّس الأسْنان,تسوس الأسنان,n,foreign,FOREIGN,na,تسوس الأسنان,1
توقف عن الصدور,توقف عن الصدور,v,foreign,FOREIGN,na,توقف عن الصدور,1
أدْرج,أدرج,v,verb,د.ر.ج,m,insert;include;integrate+he;it_<verb>,5
الفُوسْفُور,الفوسفور,n,noun,NTWS,m,the+phosphorus,4
سنة شمْسِيّة,سنة شمسية,n,foreign,FOREIGN,na,سنة شمسية,1
مُحاذاة,محاذاة,n,noun,ح.ذ.#,f,alongside;parallel_to+[fem.sg.],7
هنْدسة,هندسة,n,noun,ه.ن.د.س,f,engineering+[fem.sg.],7
وَابِل نِيْزَكِي,وابل نيزكي,n,foreign,FOREIGN,na,وابل نيزكي,1
وفر مأوى,وفر مأوى,v,foreign,FOREIGN,na,وفر مأوى,1
مُتَحَزِّب,متحزب,n,noun,ح.ز.ب,m,partisan,6
سدد,سدد,v,verb,س.د.د,m,obstruct;aim;direct+he;it_<verb>,13
تحرّق,تحرق,v,noun,ح.ر.ق,m,burning;combustion,17
سِحْلِيَّة,سحلية,n,noun,س.ح.ل,f,lizard+[fem.sg.],7
وِيمْبِلْدُون,ويمبلدون,n,noun_prop,NTWS,m,Wimbledon,1
صَدْمِة,صدمة,n,noun,ص.د.م,f,shock;blow+[fem.sg.],9
لمْبة,لمبة,n,noun,NTWS,f,lamp+[fem.sg.],7
إسِلانده,إسلانده,n,noun_prop,سلندة,-,Iceland,1
عربة نقْل,عربة نقل,n,foreign,FOREIGN,na,عربة نقل,1
لف,لف,v,verb,ل.ف.ف,m,wrap;turn+he;it_<verb>,13
جلس في الكرسي,جلس في الكرسي,v,foreign,FOREIGN,na,جلس في الكرسي,1
اضطلع,اضطلع,v,verb,ض.ل.ع,m,take_on;assume;undertake;be_familiar_with+he;it_<verb>,2
اقتحم,اقتحم,v,verb,ق.ح.م,m,assault;storm;burst_into+he;it_<verb>,2
قُنْبُلَة مُتَفَتِّتَة,قنبلة متفتتة,n,foreign,FOREIGN,na,قنبلة متفتتة,1
صدفة,صدفة,n,noun,ص.د.ف,f,chance;coincidence+[fem.sg.],21
العَاصِمَة البَلْجِيكِيَّة,العاصمة البلجيكية,n,foreign,FOREIGN,na,العاصمة البلجيكية,1
تجنّس,تجنس,v,verb,ج.ن.س,m,be_naturalized+he;it_<verb>,9
ظاهِرة فِيزيائِيّة,ظاهرة فيزيائية,n,foreign,FOREIGN,na,ظاهرة فيزيائية,1
نائِبُ الملِك,نائب الملك,n,foreign,FOREIGN,na,نائب الملك,1
صرّ بأسْنانِه,صر بأسنانه,v,foreign,FOREIGN,na,صر بأسنانه,1
طاهِر,طاهر,a,noun_prop,ط.ه.ر,m,Tahir,8
مُصادمة,مصادمة,n,noun,ص.د.م,f,hostile_encounter;collision+[fem.sg.],18
لُغَوِيَّات,لغويات,n,adj,ل.غ.#,f,linguist+[fem.pl.],7
عَدَم تَسامُح,عدم تسامح,n,foreign,FOREIGN,na,عدم تسامح,1
قنع,قنع,v,noun,ق.ن.ع,m,weapons;armor;masks,26
بَيِّنَة,بينة,n,noun,ب.#.ن,f,proof;evidence+[fem.sg.],19
برْبادُوس,بربادوس,n,noun_prop,NTWS,m,Barbados,1
أعد للطبخ,أعد للطبخ,v,foreign,FOREIGN,na,أعد للطبخ,1
أشاٍر إِلى,أشار إلى,v,foreign,FOREIGN,na,أشار إلى,1
مُحْتال,محتال,n,noun,ح.#.ل,m,deceitful;impostor;assignee,6
مرقس,مرقس,n,noun_prop,NTWS,m,Murqus,2
رِجال الشُّرْطة,رجال الشرطة,n,foreign,FOREIGN,na,رجال الشرطة,1
نظيرٌ مُشِعّ,نظير مشع,n,foreign,FOREIGN,na,نظير مشع,1
مَرْفَأ,مرفأ,n,noun,ر.ف.#,m,port;harbor,9
مرْبط,مربط,n,noun,ر.ب.ط,m,horse_box,18
وَسِيْلَة,وسيلة,n,noun,#.س.ل,f,means;device;instrument+[fem.sg.],61
لَفْظ,لفظ,n,verb,ل.ف.ظ,m,pronounce;express+he;it_<verb>,17
معْبد,معبد,n,noun,ع.ب.د,m,house_of_worship,12
المرْو,المرو,n,noun_prop,NTWS,m,the+Merv,5
مَوْقِف,موقف,n,noun,#.ق.ف,m,position,12
وَقَاحَة,وقاحة,n,noun,#.ق.ح,m,insolent;impertinent+its;his,38
فراغ,فراغ,n,noun,ف.ر.غ,m,leisure;spare_time,13
مقرّ,مقر,n,noun,ق.ر.ر,m,center;headquarters;residence,6
أسهب في التفكير,أسهب في التفكير,v,foreign,FOREIGN,na,أسهب في التفكير,1
شكى,شكى,v,noun,ش.#.ك,m,check;cheque+my,2
معْرِفة فنِّيّة,معرفة فنية,n,foreign,FOREIGN,na,معرفة فنية,1
اللُّوف,اللوف,n,noun,ل.#.ف,m,the+chewing,5
تضْخِيم,تضخيم,n,noun,ض.خ.م,m,inflating;exaggerating,6
غيْظ,غيظ,n,verb,غ.#.ظ,m,enrage;irritate+he;it_<verb>,7
وَادِ,واد,n,verb,#.د.د,m,befriend+he;it_<verb>,29
كِيلُو بايْت,كيلو بايت,n,foreign,FOREIGN,na,كيلو بايت,1
فَاجِعَة,فاجعة,n,noun,ف.ج.ع,f,misfortune;calamity+[fem.sg.],18
تراكب,تراكب,v,verb,ر.ك.ب,m,be_superimposed+he;it_<verb>,1
معدّات اِتِّصال,معدات اتصال,n,foreign,FOREIGN,na,معدات اتصال,1
جامِع,جامع,n,verb,ج.م.ع,m,make_love_to+he;it_<verb>,13
نَوْع,نوع,n,noun,ن.#.ع,m,type;kind;form,9
مُلاحظ,ملاحظ,a,adj,ل.ح.ظ,m,evident;obvious,16
لولب,لولب,v,noun,ل.#.ل.ب,m,screw;spiral;coil,6
وَضْع النَظَافَة,وضع النظافة,n,foreign,FOREIGN,na,وضع النظافة,1
شحِب,شحب,v,verb,ش.ح.ب,m,become_pale;be_haggard+he;it_<verb>,1
ملْحمة بُطُولِيّة,ملحمة بطولية,n,foreign,FOREIGN,na,ملحمة بطولية,1
إعترض السبيل,إعترض السبيل,v,foreign,FOREIGN,na,إعترض السبيل,1
أوقف السيارة,أوقف السيارة,v,foreign,FOREIGN,na,أوقف السيارة,1
مُؤلف أدبِي,مؤلف أدبي,n,foreign,FOREIGN,na,مؤلف أدبي,1
الزمن الحاضِر,الزمن الحاضر,n,foreign,FOREIGN,na,الزمن الحاضر,1
نزل الرتبة,نزل الرتبة,v,foreign,FOREIGN,na,نزل الرتبة,1
مقْطع مخْرُوطي,مقطع مخروطي,n,foreign,FOREIGN,na,مقطع مخروطي,1
وَثِيقَة تَأْمِين,وثيقة تأمين,n,foreign,FOREIGN,na,وثيقة تأمين,1
إستحضر الأرواح,إستحضر الأرواح,v,foreign,FOREIGN,na,إستحضر الأرواح,1
قلى,قلى,v,noun,ق.ل.ل,m,paucity;paltriness+my,5
فهِم,فهم,v,verb,ف.ه.م,m,be_understood+he;it_<verb>,17
منْتُوج نِهائِي,منتوج نهائي,n,foreign,FOREIGN,na,منتوج نهائي,1
عبر بزمجرة,عبر بزمجرة,v,foreign,FOREIGN,na,عبر بزمجرة,1
إِيدْرُوجِين,إيدروجين,n,noun,NTWS,m,hydrogen,6
باع مُتجوِّلا,باع متجولا,v,foreign,FOREIGN,na,باع متجولا,1
مُباراة,مباراة,n,noun,ب.ر.#,f,divorce+[fem.sg.],14
إِجْراء طِبِّيّ,إجراء طبي,n,foreign,FOREIGN,na,إجراء طبي,1
تبدُّل,تبدل,n,verb,ب.د.ل,m,be_exchanged+he;it_<verb>,15
إِرْتِباط,إرتباط,n,noun,ر.ب.ط,m,connection;link;cohesion,6
مِيزَة إِضافِيَّة,ميزة إضافية,n,foreign,FOREIGN,na,ميزة إضافية,1
قفّل,قفل,v,verb,ق.ف.ل,m,lock+he;it_<verb>,9
عِصابة,عصابة,n,noun,ع.ص.ب,m,bandage;ligature+its;his,15
إِسْتِجْمام,إستجمام,n,noun,ج.م.م,m,relaxation;recreation,6
بِرْكة,بركة,n,noun,ب.ر.ك,m,pools+its;his,26
ترْبوِيّاً,تربويا,r,adj,ر.ب.#,m,pedagogical;educational+[acc.indef.],2
حِصْن,حصن,n,verb,ح.#.ص,f,escape;turn_away+they_[fem.pl.]_<verb>,17
تبْجِيل,تبجيل,n,noun,ب.ج.ل,m,deference;reverence,6
شمّيّ,شمي,a,noun,ش.م.م,m,smelling;sniffing;sense_of_smell+my,7
خطط الأرض,خطط الأرض,v,foreign,FOREIGN,na,خطط الأرض,1
تساقُط الثلْج,تساقط الثلج,n,foreign,FOREIGN,na,تساقط الثلج,1
يَنْبُوع,ينبوع,n,noun_prop,ن.ب.ع,m,Yanbou_(Saudi_Ar.),12
سُوق سَوْداء,سوق سوداء,n,foreign,FOREIGN,na,سوق سوداء,1
کندهار,کندهار,n,foreign,FOREIGN,na,کندهار,1
مِسْمار,مسمار,n,noun,س.م.ر,m,nail,6
تخيُّل,تخيل,n,noun,خ.#.ل,m,imagination;fantasy,13
أكْتُوبر,أكتوبر,n,noun_prop,NTWS,m,October,4
راغِب ب,راغب ب,a,foreign,FOREIGN,na,راغب ب,1
نم عن,نم عن,v,foreign,FOREIGN,na,نم عن,1
خُطُورَة,خطورة,n,noun,خ.ط.ر,f,importance;gravity;danger+[fem.sg.],7
بُنْدُقِيّة,بندقية,n,noun,ب.ن.د.ق,m,hazelnut;bullet+his;its_two,32
يَرَقَانِيّ,يرقاني,a,noun,#.ر.ق,m,jaundice+my,5
مُقوِّم,مقوم,n,noun,ق.#.م,m,appraiser;assessor,24
خشخش,خشخش,v,verb,خ.ش.خ.ش,m,clank;clatter;rustle+he;it_<verb>,1
وارَى,وارى,v,noun,#.#.ر,m,frightening+my,65
حل من عهد,حل من عهد,v,foreign,FOREIGN,na,حل من عهد,1
سُورِيّ,سوري,n,noun,س.#.ر,m,bracelet+my,15
مُحَاضِر,محاضر,n,noun,ح.ض.ر,m,minutes;reports,10
غرْسة,غرسة,n,noun,غ.ر.س,m,plant+its;his,16
اِنْفِعالِيّ,انفعالي,a,noun,ف.ع.ل,m,emotion;excitation+my,7
نواكشوط,نواكشوط,n,noun_prop,NTWS,m,Nouakchott,1
ألْهم,ألهم,v,verb,#.#.ل,m,arrive;lead;return+he;it_<verb>_them,14
تَقْدِير,تقدير,n,noun,ق.د.ر,m,appreciation;gratitude,12
أُورُوبّا,أوروبا,n,noun_prop,NTWS,m,Europe,1
لاوعْي,لاوعي,n,noun,#.ع.#,m,unconscious,12
تكبد,تكبد,v,verb,ك.ب.د,m,suffer;sustain;undergo+he;it_<verb>,7
أوقف الدفع,أوقف الدفع,v,foreign,FOREIGN,na,أوقف الدفع,1
اِجْهاد,اجهاد,n,noun,ج.ه.د,m,effort;exertion,6
عَقِيل,عقيل,n,noun_prop,ع.ق.ل,m,Uqail,2
حَرْف,حرف,n,verb,ح.ر.ف,m,bend;diffract+he;it_<verb>,14
البابوِيّة,البابوية,n,noun,NTWS,f,the+papacy+[fem.sg.],8
إِسْتِنْتاجِي,إستنتاجي,a,noun,ن.ت.ج,m,conclusion;deduction;inference+my_two,5
بيْت,بيت,n,noun_prop,ب.#.ت,m,Bet,18
لاوس,لاوس,n,noun_prop,#.#.س,m,indeed;truly+Aws,8
عرض للهواء,عرض للهواء,v,foreign,FOREIGN,na,عرض للهواء,1
لَحْم أَرْنَب,لحم أرنب,n,foreign,FOREIGN,na,لحم أرنب,1
تعلّق,تعلق,v,noun,ع.ل.ق,m,connection;relationship,11
فقد الاِسْتِقْرار,فقد الاستقرار,v,foreign,FOREIGN,na,فقد الاستقرار,1
عظمة,عظمة,n,verb,ع.ظ.م,m,ossify+he;it_<verb>_it;him,38
هِراوة,هراوة,n,verb,ه.ر.#,m,tear;wear_out;harm+they_<verb>_it;him,9
ركب الخيل,ركب الخيل,v,foreign,FOREIGN,na,ركب الخيل,1
مَدَاس,مداس,n,noun,د.#.س,m,shoes;sandals,12
عاقب بقسوة,عاقب بقسوة,v,foreign,FOREIGN,na,عاقب بقسوة,1
اِيقاف,ايقاف,n,noun,#.ق.ف,m,stopping;halting,6
قِسْم تخيُّلِي مِن عدد مُركّب,قسم تخيلي من عدد مركب,n,foreign,FOREIGN,na,قسم تخيلي من عدد مركب,1
طلع شخصا على,طلع شخصا على,v,foreign,FOREIGN,na,طلع شخصا على,1
شق سطح كذا,شق سطح كذا,v,foreign,FOREIGN,na,شق سطح كذا,1
أثّث,أثث,v,verb,#.ث.ث,m,furnish+he;it_<verb>,1
ضعُف,ضعف,v,noun,ض.ع.ف,m,double;multiple,14
مُضاد,مضاد,n,adj,ض.د.د,m,anti-;counter-;contra-,6
جدّة,جدة,n,noun,ج.د.د,f,grandmother+[fem.sg.],27
عهِد,عهد,v,noun,ع.ه.د,m,age;period,25
اِحْتِرافِيّ,احترافي,a,noun,ح.ر.ف,m,professional;professionalism+my_two,11
تخلص,تخلص,v,noun,خ.ل.ص,m,freedom;riddance;escape,13
اِستلْقى,استلقى,v,verb,ل.ق.#,m,lie_down+he;it_<verb>,3
أخْلاقِي,أخلاقي,a,noun,خ.ل.ق,m,morals;character;ethics+my,7
غازِيّة,غازية,n,noun,غ.#.ز,m,gas+his;its_two,33
انفجر,انفجر,v,verb,ف.ج.ر,m,explode;erupt+he;it_<verb>,2
عِزّ,عز,n,noun_prop,ع.ز.ز,m,Izz;Ezz,14
طوْق,طوق,n,noun,ط.#.ق,m,capability,13
تمطر,تمطر,v,verb,م.ط.ر,m,you_[masc.sg.]+rain;shower,6
وَقار,وقار,n,noun,#.ق.ر,m,dignity;sobriety,48
مزج دواءة,مزج دواءة,v,foreign,FOREIGN,na,مزج دواءة,1
فرْع,فرع,n,verb,ف.ر.ع,m,ramify+he;it_<verb>,7
أكْثرِيّة,أكثرية,n,adj,ك.ث.ر,m,more;most+his;its_two,9
مُسْتدِير,مستدير,a,noun,د.#.ر,m,round;circular,6
مشْياً,مشيا,r,noun,م.ش.#,m,going;walking+[acc.indef.],3
تحضن الدجاجة للبيض,تحضن الدجاجة للبيض,v,foreign,FOREIGN,na,تحضن الدجاجة للبيض,1
منْفذ,منفذ,n,noun,ن.ف.ذ,m,executor;executant,18
جِدّ,جد,n,noun,ج.د.د,m,good_luck,19
تَحَطُّم,تحطم,n,noun,ح.ط.م,m,disintegration;crash;collapse,11
شُوكُولاتة طبْخ,شوكولاتة طبخ,n,foreign,FOREIGN,na,شوكولاتة طبخ,1
حقق,حقق,v,verb,ح.ق.ق,m,achieve;realize;reach+he;it_<verb>,1
مفْصِلِيّات الأرْجُل,مفصليات الأرجل,n,foreign,FOREIGN,na,مفصليات الأرجل,1
مهارة,مهارة,n,noun,م.ه.ر,f,skill;proficiency+[fem.sg.],14
قبّة الثوْب,قبة الثوب,n,foreign,FOREIGN,na,قبة الثوب,1
صعّب,صعب,v,adj,ص.ع.ب,m,difficult;arduous,7
تكْفِير,تكفير,n,noun,ك.ف.ر,m,atonement;penance,6
أرسل,أرسل,v,verb,ر.س.ل,m,send;transmit+he;it_<verb>,4
وقع بعنف,وقع بعنف,v,foreign,FOREIGN,na,وقع بعنف,1
كان في موقع,كان في موقع,v,foreign,FOREIGN,na,كان في موقع,1
إحتل الموقع,إحتل الموقع,v,foreign,FOREIGN,na,إحتل الموقع,1
وجه دعوة,وجه دعوة,v,foreign,FOREIGN,na,وجه دعوة,1
جنى,جنى,v,noun,ج.ن.ن,m,demon;jinn+my,10
الفُوّة,الفوة,n,noun,#.ل.ف,m,companion;confidant+his;its,10
ثمن,ثمن,n,noun,ث.م.ن,m,one-eighth,20
فِكْرة,فكرة,n,noun,ف.ك.ر,m,thought;thinking+its;his,52
توازُن كيميائيّ,توازن كيميائي,n,foreign,FOREIGN,na,توازن كيميائي,1
حُبُوب,حبوب,n,noun,ح.ب.ب,m,grain;seed;pills,6
عدم أمانة,عدم أمانة,n,foreign,FOREIGN,na,عدم أمانة,1
البارْيوم,الباريوم,n,noun,NTWS,m,the+barium,4
الكونغو,الكونغو,n,noun_prop,NTWS,m,the+Congo,1
سرِقة,سرقة,n,noun,س.ر.ق,f,stealing;theft;heist+[fem.sg.],16
كَشْف مَالِيّ,كشف مالي,n,foreign,FOREIGN,na,كشف مالي,1
غطس طفلا في الماء,غطس طفلا في الماء,v,foreign,FOREIGN,na,غطس طفلا في الماء,1
فَرْش,فرش,n,noun,ف.ر.ش,m,household_effects,22
تكْرِيس,تكريس,n,noun,ك.ر.س,m,perpetuation;entrenchment;legitimization,12
حقِيقِي,حقيقي,a,noun,ح.ق.ق,m,worthy;competent+my_two,11
تكيف,تكيف,v,noun,ك.#.ف,m,adaptation;conformity,7
شوه بكسر,شوه بكسر,v,foreign,FOREIGN,na,شوه بكسر,1
مُراد,مراد,n,noun,م.ر.د,m,nape;neck,25
ضِحْك,ضحك,n,verb,ض.ح.ك,m,laugh+he;it_<verb>,7
فدى,فدى,v,verb,ف.د.#,m,redeem;ransom+he;it_<verb>,2
مِشْرط,مشرط,n,noun,ش.ر.ط,m,lance;scalpel,12
وارسَو,وارسو,n,noun_prop,NTWS,m,Warsaw,4
جُمُعة,جمعة,n,noun,ج.م.ع,m,gathering;collection;joining+its;his,13
مُنْتَخَب,منتخب,n,noun,ن.خ.ب,m,elected_candidate;elect,18
أنْسل,أنسل,v,verb,ن.س.ل,m,procreate+he;it_<verb>,8
تقمُّص عاطِفي,تقمص عاطفي,n,foreign,FOREIGN,na,تقمص عاطفي,1
بُضاعة,بضاعة,n,noun,ب.ض.ع,f,merchandise;goods+[fem.sg.],7
خطب بإطناب,خطب بإطناب,v,foreign,FOREIGN,na,خطب بإطناب,1
اِقْتِصاد سِياسِيّ,اقتصاد سياسي,n,foreign,FOREIGN,na,اقتصاد سياسي,1
باع بالجُمْلة,باع بالجملة,v,foreign,FOREIGN,na,باع بالجملة,1
ألحق به,ألحق به,v,foreign,FOREIGN,na,ألحق به,1
قَلْعَة,قلعة,n,noun,ق.ل.ع,m,sail+its;his,13
حالة وحْشِيّة,حالة وحشية,n,foreign,FOREIGN,na,حالة وحشية,1
حَقَائِق,حقائق,n,noun,ح.ق.ق,m,truth;facts,4
عاهر بكثرة الفجر,عاهر بكثرة الفجر,v,foreign,FOREIGN,na,عاهر بكثرة الفجر,1
الدَّوْلَة المَدِينة,الدولة المدينة,n,foreign,FOREIGN,na,الدولة المدينة,1
عامل,عامل,v,noun,ع.م.ل,m,factor;agent;coefficient,19
خَرْبَشَ,خربش,v,verb,خ.ر.ب.ش,m,scratch;scribble+he;it_<verb>,1
حِصَان,حصان,n,noun,ح.ص.ن,m,horse,6
دوام,دوام,v,noun,د.#.م,m,(office)_hours,12
بائِع,بائع,n,noun,ب.#.ع,m,vendor;merchant,6
دِرْع مِن زِنْجِير,درع من زنجير,n,foreign,FOREIGN,na,درع من زنجير,1
لِباس القدم,لباس القدم,n,foreign,FOREIGN,na,لباس القدم,1
اعترف,اعترف,v,verb,ع.ر.ف,m,acknowledge;recognize;admit;confess+he;it_<verb>,3
تصْوِيْر,تصوير,n,noun,ص.#.ر,m,depiction;characterization,12
اِجْتِماع,اجتماع,n,noun,ج.م.ع,m,meeting;gathering,6
ماشِيّة,ماشية,n,noun,م.ش.#,m,going;walking+his;its,16
طرح ريشه,طرح ريشه,v,foreign,FOREIGN,na,طرح ريشه,1
تكْلِيف,تكليف,n,noun,ك.ل.ف,m,charging;commissioning,12
جيْش نِظامِي,جيش نظامي,n,foreign,FOREIGN,na,جيش نظامي,1
قِتال,قتال,n,noun,ق.ت.ل,m,lethal,18
منْظُومة,منظومة,n,adj,ن.ظ.م,f,organized;orderly;systematic+[fem.sg.],25
حاسِب,حاسب,n,verb,ح.س.ب,m,hold_responsible;get_even_with+he;it_<verb>,7
جنِين,جنين,n,verb,ج.ن.#,f,commit_a_crime+they_[fem.pl.]_<verb>,15
إِجْتِماعِيّاً,إجتماعيا,r,adj,ج.م.ع,m,social+[acc.indef.],2
مُعْطَيَات,معطيات,n,noun,ع.ط.#,f,donor;giving+[fem.pl.],14
فرنك,فرنك,n,verb,ف.#.ر,f,boil;gush_out+they_<verb>_you,21
تنصت,تنصت,v,noun,ن.ص.ت,m,eavesdropping,16
وصى بوصية,وصى بوصية,v,foreign,FOREIGN,na,وصى بوصية,1
فتْرة اللعِب,فترة اللعب,n,foreign,FOREIGN,na,فترة اللعب,1
مُسْتنْقعات,مستنقعات,n,noun,ن.ق.ع,f,quagmire;swamp;morass+[fem.pl.],7
تحْقِيق,تحقيق,n,noun,ح.ق.ق,m,achievement;realization,12
تحقُّق,تحقق,n,noun,ح.ق.ق,m,ascertainment;verification,18
مَفْصِل زَلِيلِيّ,مفصل زليلي,n,foreign,FOREIGN,na,مفصل زليلي,1
وَازَنَ,وازن,v,verb,#.ز.ن,f,weigh;compare;balance+they_[fem.pl.]_<verb>,20
مُفاوِض,مفاوض,n,noun,ف.#.ض,m,negotiator,6
حرِير,حرير,n,noun,ح.ر.ر,m,silk,6
آكِلات اللُحُوم,آكلات اللحوم,n,foreign,FOREIGN,na,آكلات اللحوم,1
عقِيد,عقيد,n,noun,ع.ق.د,m,colonel,6
جامل,جامل,v,verb,ج.م.ل,m,be_courteous;be_amiable+he;it_<verb>,1
وَكِيل,وكيل,n,noun_prop,#.ك.ل,m,Wakil;Wakeel,28
إِصابة فِي وسطِ الهدف,إصابة في وسط الهدف,n,foreign,FOREIGN,na,إصابة في وسط الهدف,1
كبح,كبح,v,verb,ك.ب.ح,m,control;prevent;restrain+he;it_<verb>,7
بَاْعِث,باعث,n,noun,ب.ع.ث,m,sending;sender,12
تفْوِيض,تفويض,n,noun,ف.#.ض,m,authorization;delegation_of_authority;mandate,6
توالُد,توالد,n,verb,#.ل.د,m,propagate;reproduce+he;it_<verb>,7
شكل مُسْتوٍ,شكل مستو,n,foreign,FOREIGN,na,شكل مستو,1
دِيَانَة,ديانة,n,noun,د.#.ن,f,pious;devout+[fem.sg.],22
تمارض,تمارض,v,verb,م.ر.ض,m,feign_illness+he;it_<verb>,1
خُرُوج عن المَأْلُوف,خروج عن المألوف,n,foreign,FOREIGN,na,خروج عن المألوف,1
منْهج,منهج,n,noun,ن.ه.ج,m,method;approach;program,6
أخِير,أخير,a,noun,#.خ.ر,m,better;superior,11
قادِس,قادس,n,noun,ق.د.س,m,galley,7
رعى بِإِفْراط,رعى بإفراط,v,foreign,FOREIGN,na,رعى بإفراط,1
مرض,مرض,n,noun,م.ر.ض,m,disease;illness,10
مُزوِّد,مزود,n,noun,ز.#.د,m,supplier,18
تنوّع,تنوع,v,verb,ن.#.ع,m,be_variegated;be_diverse;be_complex+he;it_<verb>,9
حل البرلمان,حل البرلمان,v,foreign,FOREIGN,na,حل البرلمان,1
مأْكُولات سرِيعة,مأكولات سريعة,n,foreign,FOREIGN,na,مأكولات سريعة,1
جِنْسِيّاً,جنسيا,r,adj,ج.ن.س,m,sexual+[acc.indef.],4
نفض الغبار عن,نفض الغبار عن,v,foreign,FOREIGN,na,نفض الغبار عن,1
خَلَل عَقْلِي,خلل عقلي,n,foreign,FOREIGN,na,خلل عقلي,1
فِعْل شائِن,فعل شائن,n,foreign,FOREIGN,na,فعل شائن,1
ومأ,ومأ,v,pron_rel,م.#,m,while+what,12
مُحَالَفَة,محالفة,n,noun,ح.ل.ف,f,alliance+[fem.sg.],7
مُؤَسَّسَة غير حُكُومِيَّة,مؤسسة غير حكومية,n,foreign,FOREIGN,na,مؤسسة غير حكومية,1
خذل,خذل,v,verb,خ.ذ.ل,m,fail+he;it_<verb>,2
خبا,خبا,v,noun,خ.ب.ب,m,impostor;swindler+[acc.indef.],10
وفد شيئا فشيئا,وفد شيئا فشيئا,v,foreign,FOREIGN,na,وفد شيئا فشيئا,1
رصاصة,رصاصة,n,noun,ر.ص.ص,m,lead_(metal)+its;his,15
لِنينجراد,لنينجراد,n,noun_prop,NTWS,m,Leningrad,1
عفا من العسكرية,عفا من العسكرية,v,foreign,FOREIGN,na,عفا من العسكرية,1
جِنْس الرخوِيّات,جنس الرخويات,n,foreign,FOREIGN,na,جنس الرخويات,1
خَرَقَ,خرق,v,noun,خ.ر.ق,m,clumsy;foolish,31
ترافُع,ترافع,n,verb,ر.ف.ع,m,litigate+he;it_<verb>,3
عِلْم الأحْياء,علم الأحياء,n,foreign,FOREIGN,na,علم الأحياء,1
صادر للمصلحة,صادر للمصلحة,v,foreign,FOREIGN,na,صادر للمصلحة,1
فصِيلة القِطط,فصيلة القطط,n,foreign,FOREIGN,na,فصيلة القطط,1
أدرك إدراكا كاملا,أدرك إدراكا كاملا,v,foreign,FOREIGN,na,أدرك إدراكا كاملا,1
ك,ك,n,prep,NTWS,na,as;like,2
عُضيّ,عضي,n,noun,ع.ض.ض,m,biting+my,1
سجْن مدى الحياة,سجن مدى الحياة,n,foreign,FOREIGN,na,سجن مدى الحياة,1
نعْمة إلهِيّة,نعمة إلهية,n,foreign,FOREIGN,na,نعمة إلهية,1
قاطِرة سكة حديد,قاطرة سكة حديد,n,foreign,FOREIGN,na,قاطرة سكة حديد,1
مال إلي,مال إلي,v,foreign,FOREIGN,na,مال إلي,1
صار يتيما,صار يتيما,v,foreign,FOREIGN,na,صار يتيما,1
عسف,عسف,v,verb,ع.س.ف,m,overburden+he;it_<verb>,8
مفاد,مفاد,n,noun,ف.#.د,m,meaning;content,6
عَقَبَة,عقبة,n,prep,عقب,-,following;subsequent_to+it;him,21
فقر,فقر,v,verb,ف.ق.ر,m,be_destitute+he;it_<verb>,14
قدْر,قدر,n,verb,ق.د.ر,m,be_able_to;be_capable_of+he;it_<verb>,29
تتعهر,تتعهر,v,verb,ع.ه.ر,m,you_[masc.sg.]+be_a_prostitute,2
ألقى,ألقى,v,noun,#.ل.ق,m,brightness;brilliance+my,10
مَرْسُوم,مرسوم,n,adj,ر.س.م,m,drawn;sketched,18
إحتل مكان في طيقة,إحتل مكان في طيقة,v,foreign,FOREIGN,na,إحتل مكان في طيقة,1
تحرّك بِسُرْعة,تحرك بسرعة,v,foreign,FOREIGN,na,تحرك بسرعة,1
شهِد,شهد,v,verb,ش.ه.د,m,witness;observe+he;it_<verb>,1
قدم تقريرا,قدم تقريرا,v,foreign,FOREIGN,na,قدم تقريرا,1
تعْبِير,تعبير,n,noun,ع.ب.ر,m,expression,6
تولى العرش,تولى العرش,v,foreign,FOREIGN,na,تولى العرش,1
غاب عن الذِّهْن,غاب عن الذهن,v,foreign,FOREIGN,na,غاب عن الذهن,1
مُعَلِّم حِرْفَة,معلم حرفة,n,foreign,FOREIGN,na,معلم حرفة,1
حط من قدر,حط من قدر,v,foreign,FOREIGN,na,حط من قدر,1
ارتفع,ارتفع,v,verb,ر.ف.ع,m,rise;ascend;increase+he;it_<verb>,2
كان مشغول,كان مشغول,v,foreign,FOREIGN,na,كان مشغول,1
اِئْتَكَلَ,ائتكل,v,verb,#.ك.ل,m,erode;corrode+he;it_<verb>,1
تفاعُل نووِي,تفاعل نووي,n,foreign,FOREIGN,na,تفاعل نووي,1
توقّف,توقف,v,noun,#.ق.ف,m,stop;halt,13
ضعف,ضعف,v,noun,ض.ع.ف,m,double;multiple,14
قُبِل في جامِعة,قبل في جامعة,v,foreign,FOREIGN,na,قبل في جامعة,1
سار خِلْسة,سار خلسة,v,foreign,FOREIGN,na,سار خلسة,1
زَوْرَق,زورق,n,noun,ز.ر.ق,m,boat;skiff,6
قبر,قبر,v,noun,ق.ب.ر,m,lark,19
قمر,قمر,n,verb,ق.م.ر,m,become_snow-blind+he;it_<verb>,15
قَوْس,قوس,n,noun_prop,ق.#.س,m,Sagittarius,14
عمُودِي,عمودي,a,noun,ع.م.د,m,column;pillar+my_two,11
تضع,تضع,v,verb,ض.#.ع,m,you_[masc.sg.]+lose;miss;let_go_by,9
رمْز أساسُ اللُّوغارِِتْمِ الطّبيعِيّ,رمز أساس اللوغارتم الطبيعي,n,foreign,FOREIGN,na,رمز أساس اللوغارتم الطبيعي,1
صِنْف سُداسِيّاتُ الأرْجُل,صنف سداسيات الأرجل,n,foreign,FOREIGN,na,صنف سداسيات الأرجل,1
منْحُوس,منحوس,n,adj,ن.ح.س,m,unlucky;ill-fated,6
كُثْلة مُربّعة,كثلة مربعة,n,foreign,FOREIGN,na,كثلة مربعة,1
ملْحمة الأُودِيسة,ملحمة الأوديسة,n,foreign,FOREIGN,na,ملحمة الأوديسة,1
عضلة,عضلة,n,noun,ع.ض.ل,f,muscle+[fem.sg.],27
نَكْبَة,نكبة,n,verb,ن.ك.ب,m,divert;deflect+he;it_<verb>_it;him,19
مُحْترِف,محترف,a,noun,ح.ر.ف,m,professional;expert,6
حجْمِيّ,حجمي,a,noun,ح.ج.م,m,volume;size+my,7
مِنْوال,منوال,n,noun,ن.#.ل,m,manner;fashion,6
مُجابهة,مجابهة,n,noun,ج.ب.ه,f,confrontation;opposition+[fem.sg.],7
فِيْتامِيْن,فيتامين,n,noun,NTWS,m,vitamin,6
قِسْم تخيُّلِي,قسم تخيلي,n,foreign,FOREIGN,na,قسم تخيلي,1
بَطْرِيَرْك,بطريرك,n,noun_prop,NTWS,m,Patriarch,6
ممْلكة نباتِيّة,مملكة نباتية,n,foreign,FOREIGN,na,مملكة نباتية,1
مُحام,محام,n,noun,ح.م.#,m,lawyer;defense_counsel,2
أخطأ,أخطأ,v,verb,خ.ط.#,m,be_wrong;do_incorrectly+they_(both)_<verb>,4
فوْق,فوق,r,noun,ف.#.ق,m,above;over,9
مُسِنّ,مسن,n,verb,م.#.س,f,swagger+they_[fem.pl.]_<verb>,13
جانِي,جاني,n,noun,ج.ن.#,m,delinquents;criminals+[masc.pl.],7
التعِيس,التعيس,n,noun,ت.ع.س,m,the+wretched;miserable,4
ألْمانِيّ,ألماني,a,verb,#.ل.م,m,feel_pain;suffer+they_(both)_<verb>_me,16
برُونْز,برونز,n,noun,NTWS,m,bronze,6
قِيمة مالِيّة,قيمة مالية,n,foreign,FOREIGN,na,قيمة مالية,1
هجن,هجن,v,verb,ه.#.ج,f,be_stirred_up;be_agitated+they_[fem.pl.]_<verb>,11
حايد,حايد,v,verb,ح.#.د,m,avoid;shun+he;it_<verb>,1
عمِل عملاً جِراحِيّاً,عمل عملا جراحيا,v,foreign,FOREIGN,na,عمل عملا جراحيا,1
خُلاصَة,خلاصة,n,noun,خ.ل.ص,f,gist;synopsis;summary+[fem.sg.],11
قِرْبة,قربة,n,verb,ق.ر.ب,m,bring_close;approximate+he;it_<verb>_it;him,31
افتقد,افتقد,v,verb,ف.ق.د,m,miss;feel_the_loss_of+he;it_<verb>,2
عمِيد,عميد,n,noun,ع.م.د,m,brigadier_general,12
إِنْكَار,إنكار,n,noun,ن.ك.ر,m,denial;disavowal;refusal,6
بكْتِيريا,بكتيريا,n,adj,NTWS,m,bacterial+[acc.indef.],3
طَعام طَيِّب,طعام طيب,n,foreign,FOREIGN,na,طعام طيب,1
قِشْرة البيْضة,قشرة البيضة,n,foreign,FOREIGN,na,قشرة البيضة,1
تبْوِيب,تبويب,n,noun,ب.#.ب,m,classification;arrangement,6
الشّمال,الشمال,n,noun,ش.م.ل,m,the+left,8
ليْث,ليث,n,noun_prop,ل.#.ث,m,Laith,7
دلى,دلى,v,noun,د.ل.ل,m,flirtation+my,2
وَجَدَ,وجد,v,verb,#.ج.د,m,find+he;it_<verb>,59
هِرّ,هر,n,verb,ه.ر.ر,m,howl;whine;purr+he;it_<verb>,7
أقال,أقال,v,verb,ق.#.ل,m,dismiss;discharge+he;it_<verb>,2
مِحْراب,محراب,n,noun,ح.ر.ب,m,mihrab_(prayer_niche);sanctum,6
مزق حزنا,مزق حزنا,v,foreign,FOREIGN,na,مزق حزنا,1
إِدْرَاك,إدراك,n,verb,د.ر.ر,m,make_flow;bestow_lavishly;yield+they_(both)_<verb>_you,26
إرتكب مخالفة,إرتكب مخالفة,v,foreign,FOREIGN,na,إرتكب مخالفة,1
عَمِيل سِرِّيّ,عميل سري,n,foreign,FOREIGN,na,عميل سري,1
قَصْف,قصف,n,adj,ق.ص.ف,m,frail;fragile,13
سائِح,سائح,n,noun,س.#.ح,m,tourist,6
مَأْمُور,مأمور,n,noun,#.م.ر,m,officer;subordinate,6
اِنْسِحاب,انسحاب,n,noun,س.ح.ب,m,withdrawal;evacuation;pulling_out,6
مُنْشِئ,منشئ,n,adj,ن.ش.#,m,creative,12
إِبْداع لفْظِي,إبداع لفظي,n,foreign,FOREIGN,na,إبداع لفظي,1
الزّاوِيّة,الزاوية,n,noun,ز.#.#,f,the+corner;nook;angle+[fem.sg.],4
كونغو,كونغو,n,noun_prop,NTWS,m,Congo,1
استنكر,استنكر,v,verb,ن.ك.ر,m,be_ignorant_of;have_no_knowledge_of;repudiate+he;it_<verb>,2
حمله على الوثب,حمله على الوثب,v,foreign,FOREIGN,na,حمله على الوثب,1
جسد تمثال,جسد تمثال,v,foreign,FOREIGN,na,جسد تمثال,1
زَرَعَ أَلْغَام فِي,زرع ألغام في,v,foreign,FOREIGN,na,زرع ألغام في,1
قَنَاعَة,قناعة,n,noun,ق.ن.ع,f,satisfaction;moderation+[fem.sg.],11
قدّم الملْبس,قدم الملبس,v,foreign,FOREIGN,na,قدم الملبس,1
حرر,حرر,v,verb,ح.ر.ر,m,liberate;free+he;it_<verb>,2
لاحق,لاحق,v,adj,ل.ح.ق,m,later;afterwards,25
اِنْتِقاء,انتقاء,n,noun,ن.ق.#,m,selection,4
صفْوة,صفوة,n,verb,ص.ف.#,m,clarify;purify;liquidate+they_<verb>_it;him,21
تنظم,تنظم,v,verb,ن.ظ.م,m,be_organized;be_regulated+he;it_<verb>,7
عمل,عمل,n,noun_prop,ع.م.ل,m,Labor;Labour,8
حقْل,حقل,n,noun,ح.ق.ل,m,field,6
حصد بحصادة,حصد بحصادة,v,foreign,FOREIGN,na,حصد بحصادة,1
اقترع,اقترع,v,verb,ق.ر.ع,m,take_a_vote;cast_lots+he;it_<verb>,2
كَبْسُولَة القَدْح,كبسولة القدح,n,foreign,FOREIGN,na,كبسولة القدح,1
نوْع مُغايِر,نوع مغاير,n,foreign,FOREIGN,na,نوع مغاير,1
عشِيْر,عشير,n,noun,ع.ش.ر,m,companion;associate,6
فصِيلة الرخوِيّات,فصيلة الرخويات,n,foreign,FOREIGN,na,فصيلة الرخويات,1
قَائِد سِيَاسِيّ,قائد سياسي,n,foreign,FOREIGN,na,قائد سياسي,1
مُساعدة مالِيّة,مساعدة مالية,n,foreign,FOREIGN,na,مساعدة مالية,1
رطِب,رطب,a,verb,ر.ط.ب,m,be_moist;be_damp+he;it_<verb>,15
رِجْل,رجل,n,verb,ر.ج.ل,m,walk+he;it_<verb>,14
قفز على,قفز على,v,foreign,FOREIGN,na,قفز على,1
أحدث,أحدث,v,noun,ح.د.ث,m,newer;newest;more;most_recent,8
رهن,رهن,v,noun,ر.ه.ن,m,mortgaging;pawning;pledging,15
دِرْع مِن جنْزِير,درع من جنزير,n,foreign,FOREIGN,na,درع من جنزير,1
هاجم,هاجم,v,verb,ه.ج.م,m,attack;assault+he;it_<verb>,1
مُشابهة,مشابهة,n,noun,ش.ب.ه,f,resemblance;similarity+[fem.sg.],22
وَحْدَة سِعَة مِتْرِيَّة,وحدة سعة مترية,n,foreign,FOREIGN,na,وحدة سعة مترية,1
طائِرة شِراعِيّة,طائرة شراعية,n,foreign,FOREIGN,na,طائرة شراعية,1
مُؤدِّي,مؤدي,n,noun,#.د.#,m,leading;causing+[masc.pl.],14
نَبات بِرَك,نبات برك,n,foreign,FOREIGN,na,نبات برك,1
صنر صاد بالصنارة,صنر صاد بالصنارة,v,foreign,FOREIGN,na,صنر صاد بالصنارة,1
كِسْوة,كسوة,n,verb,ك.س.#,m,clothe;attire+they_<verb>_it;him,17
كِراء,كراء,n,noun,ك.ر.#,m,rent;renting,8
ملس,ملس,v,noun,م.ل.س,m,smooth;sleek,21
إِسْترْخى,إسترخى,v,verb,ر.خ.#,m,slacken;slump+he;it_<verb>,3
انهزم,انهزم,v,verb,ه.ز.م,m,be_defeated+he;it_<verb>,2
خرج النوى,خرج النوى,v,foreign,FOREIGN,na,خرج النوى,1
تَعْبِير  اصْطِلاحِيّ,تعبير  اصطلاحي,n,foreign,FOREIGN,na,تعبير  اصطلاحي,1
اِنْصرف,انصرف,v,verb,ص.ر.ف,m,go_away+he;it_<verb>,2
نتِيجة,نتيجة,n,noun,ن.ت.ج,f,result;consequence+[fem.sg.],7
قصِيدة ملْحمِيّة,قصيدة ملحمية,n,foreign,FOREIGN,na,قصيدة ملحمية,1
عَادَ إِلَى,عاد إلى,v,foreign,FOREIGN,na,عاد إلى,1
سبّ,سب,n,noun,س.ب.ب,m,cursing;insulting,7
عربة ذات مُحرِّك,عربة ذات محرك,n,foreign,FOREIGN,na,عربة ذات محرك,1
أجبر على الطاعة,أجبر على الطاعة,v,foreign,FOREIGN,na,أجبر على الطاعة,1
مُحافِظ,محافظ,n,noun,ح.ف.ظ,m,governor;conservative,6
رفس,رفس,v,verb,ر.ف.س,m,kick+he;it_<verb>,1
مُعاينة,معاينة,n,noun,ع.#.ن,f,spectator;witness+[fem.sg.],18
قُبِل,قبل,v,prep,قبل,-,before,11
براندِي,براندي,n,noun,NTWS,m,brandy,3
أرجأ,أرجأ,v,noun,#.ر.ج,m,erg+[acc.indef.],8
زفت,زفت,v,verb,ز.#.ف,m,be_false+you_[masc.sg.]_<verb>,22
قُنْبُلَة مُضادَّة لِلْأشْخاص,قنبلة مضادة للأشخاص,n,foreign,FOREIGN,na,قنبلة مضادة للأشخاص,1
استطلع,استطلع,v,verb,ط.ل.ع,m,reconnoiter;inquire+he;it_<verb>,2
صنف الأوراق,صنف الأوراق,v,foreign,FOREIGN,na,صنف الأوراق,1
ثَلْج,ثلج,n,noun,ث.ل.ج,m,snow;ice,9
عهِد إِلى,عهد إلى,v,foreign,FOREIGN,na,عهد إلى,1
تناثر على شكل قطرات,تناثر على شكل قطرات,v,foreign,FOREIGN,na,تناثر على شكل قطرات,1
وَضْعَ,وضع,n,verb,#.ض.ع,m,be_put;be_placed+he;it_<verb>,15
تعين,تعين,v,verb,ع.#.ن,f,be_appointed;be_assigned+they_[fem.pl.]_<verb>,10
رابِط كِيميائيّ,رابط كيميائي,n,foreign,FOREIGN,na,رابط كيميائي,1
تدور متقدمة باتجاه واحد,تدور متقدمة باتجاه واحد,v,foreign,FOREIGN,na,تدور متقدمة باتجاه واحد,1
مَجْمُوعَة وَرَق اللعِب,مجموعة ورق اللعب,n,foreign,FOREIGN,na,مجموعة ورق اللعب,1
تأْثِير,تأثير,n,noun,#.ث.ر,m,effect;influence;impact,6
إِشارة,إشارة,n,noun,ش.#.ر,f,indication;mention;sign+[fem.sg.],8
سعْي,سعي,n,noun,س.ع.#,m,endeavor;pursuit,7
اِحْتِساب,احتساب,n,noun,ح.س.ب,m,calculation;examination,6
قبع للخنزير,قبع للخنزير,v,foreign,FOREIGN,na,قبع للخنزير,1
عادِيّ,عادي,a,noun,ع.#.د,m,aggressive;hostile+[masc.pl.],13
نُقْطة النِّهاية,نقطة النهاية,n,foreign,FOREIGN,na,نقطة النهاية,1
تغْيِيْر الكمِّيّة أو الحجْم,تغيير الكمية أو الحجم,n,foreign,FOREIGN,na,تغيير الكمية أو الحجم,1
وجه نقدا لاذعا,وجه نقدا لاذعا,v,foreign,FOREIGN,na,وجه نقدا لاذعا,1
سُلُطات,سلطات,n,noun,س.ل.ط,f,authorities+[fem.pl.],7
شرب,شرب,v,verb,ش.ر.ب,m,drink+he;it_<verb>,8
تقدّم,تقدم,v,verb,ق.د.م,m,present;advance+he;it_<verb>,17
نَفَقَة مَعِيشِيَّة,نفقة معيشية,n,foreign,FOREIGN,na,نفقة معيشية,1
عول,عول,v,verb,ع.#.ل,m,cry_out;authorize+he;it_<verb>,19
مقْسُوم عليْه,مقسوم عليه,n,foreign,FOREIGN,na,مقسوم عليه,1
تقدّم,تقدم,n,verb,ق.د.م,m,present;advance+he;it_<verb>,17
خَفَقَ,خفق,v,noun,خ.ف.ق,m,palpitation;beating,8
عبأ الساعة,عبأ الساعة,v,foreign,FOREIGN,na,عبأ الساعة,1
الشِيُوعِيّة,الشيوعية,n,noun,ش.#.ع,f,the+Communist+[fem.sg.],12
قِشْطة,قشطة,n,verb,ق.ش.ط,m,strip_off;plunder+he;it_<verb>_it;him,16
وصْفِيَّا,وصفيا,r,adj,#.ص.ف,m,descriptive+[acc.indef.],11
تبنّى,تبنى,v,verb,ت.ب.ب,m,perish;be_destroyed+he;it_<verb>_me,25
مُهاجمة,مهاجمة,v,noun,ه.ج.م,f,assailant;attacker+[fem.sg.],29
ظِلّ,ظل,n,noun,ظ.ل.ل,m,patronage;shelter,7
أفْرغ بِالغرْف,أفرغ بالغرف,v,foreign,FOREIGN,na,أفرغ بالغرف,1
صَدِيق حَمِيم,صديق حميم,n,foreign,FOREIGN,na,صديق حميم,1
اِنْهمر,انهمر,v,verb,ه.م.ر,m,pour;shed;rain+he;it_<verb>,2
مُصِيبَة,مصيبة,n,noun,ص.#.ب,f,accident;misfortune+[fem.sg.],7
نوع يشكل,نوع يشكل,v,foreign,FOREIGN,na,نوع يشكل,1
هُبُوط,هبوط,n,noun,ه.ب.ط,m,slope,12
أصمّ,أصم,n,verb,ص.م.م,m,deafen;make_deaf;become_deaf+he;it_<verb>,13
أثْبت,أثبت,v,verb,ث.#.ب,m,return;compensate;reward+you_[masc.sg.]_<verb>,16
جماعِي,جماعي,n,noun,ج.م.ع,m,sexual_intercourse;combination+my,7
مُنافسة,منافسة,n,noun,ن.ف.س,f,competitor;competing;rival+[fem.sg.],22
فكّك,فكك,v,verb,ف.ك.ك,m,separate;dismantle;detach;disengage+he;it_<verb>_you,19
حاجِب,حاجب,n,noun,ح.ج.ب,m,gatekeeper,18
مُعامِل خطِّيّ,معامل خطي,n,foreign,FOREIGN,na,معامل خطي,1
صدأ,صدأ,v,verb,ص.د.د,m,repel;deter;resist+they_(both)_<verb>,21
حسد,حسد,n,noun,ح.س.د,m,envy,13
شهد لصالح,شهد لصالح,v,foreign,FOREIGN,na,شهد لصالح,1
شَرِيط سِينمََائِي,شريط سينمائي,n,foreign,FOREIGN,na,شريط سينمائي,1
تسلط,تسلط,v,noun,س.ل.ط,m,supremacy;dominion,9
ليْس,ليس,r,verb,ل.#.س,m,be_valiant+he;it_<verb>,8
وقف أمام الفنان ليرسمه,وقف أمام الفنان ليرسمه,v,foreign,FOREIGN,na,وقف أمام الفنان ليرسمه,1
